City_ID,City,Lat,Lng,Max Temp,Humidity,Cloudiness,Wind Speed,Country,Date
0,Preobrazheniye,42.9,133.91,44.24,72,98,9.78,RU,2020-10-22 22:18:49
1,Barrow,71.29,-156.79,33.8,97,90,9.17,US,2020-10-22 22:16:55
2,Tiksi,71.69,128.87,9.68,93,74,8.46,RU,2020-10-22 22:18:50
3,Rikitea,-23.12,-134.97,74.46,80,90,15.32,PF,2020-10-22 22:18:50
4,Parabel,58.7,81.48,29.57,97,98,9.04,RU,2020-10-22 22:18:51
5,Georgetown,5.41,100.34,78.8,83,20,3.24,MY,2020-10-22 22:15:24
6,Lagoa,39.05,-27.98,64.98,72,24,11.68,PT,2020-10-22 22:18:51
7,Hambantota,6.12,81.12,77.0,100,0,4.7,LK,2020-10-22 22:18:51
8,Port Blair,11.67,92.75,80.74,84,100,10.65,IN,2020-10-22 22:18:52
9,Tumsar,21.38,79.73,66.33,64,0,3.4,IN,2020-10-22 22:18:52
10,Mataura,-46.19,168.86,63.0,56,94,4.0,NZ,2020-10-22 22:18:52
11,Avarua,-21.21,-159.78,78.8,83,99,12.75,CK,2020-10-22 22:18:52
12,Hermanus,-34.42,19.23,64.0,85,42,5.99,ZA,2020-10-22 22:18:52
13,Albany,42.6,-73.97,64.99,78,52,2.21,US,2020-10-22 22:18:53
14,Vaini,-21.2,-175.2,77.0,73,40,9.17,TO,2020-10-22 22:18:53
15,Kapaa,22.08,-159.32,84.2,70,40,12.75,US,2020-10-22 22:17:52
16,Apiai,-24.51,-48.84,60.71,95,16,5.57,BR,2020-10-22 22:18:54
17,Pevek,69.7,170.31,29.46,96,0,16.71,RU,2020-10-22 22:18:54
18,Mortka,59.33,66.02,22.8,97,100,10.4,RU,2020-10-22 22:18:54
19,Kavaratti,10.57,72.64,80.11,77,81,16.28,IN,2020-10-22 22:18:54
20,Nizhnyaya Omka,55.43,74.94,32.56,98,100,7.78,RU,2020-10-22 22:18:54
21,Yellowknife,62.46,-114.35,25.0,73,75,11.41,CA,2020-10-22 22:18:55
22,Atuona,-9.8,-139.03,78.13,71,19,15.32,PF,2020-10-22 22:18:55
23,Pulwama,33.87,74.9,47.14,52,0,1.54,IN,2020-10-22 22:18:55
24,Hofn,64.25,-15.21,42.13,85,100,25.97,IS,2020-10-22 22:18:55
25,New Norfolk,-42.78,147.06,57.99,81,46,2.53,AU,2020-10-22 22:18:55
26,Beitbridge,-22.22,30.0,72.01,60,0,14.52,ZW,2020-10-22 22:18:56
27,Khatanga,71.97,102.5,2.26,91,23,7.74,RU,2020-10-22 22:17:50
28,Batagay-Alyta,67.8,130.41,3.29,84,5,2.68,RU,2020-10-22 22:18:56
29,East London,-33.02,27.91,69.01,89,5,15.88,ZA,2020-10-22 22:18:56
30,Kavieng,-2.57,150.8,83.34,72,100,13.76,PG,2020-10-22 22:18:56
31,Dingle,11.0,122.67,77.2,90,76,5.19,PH,2020-10-22 22:18:57
32,Jamestown,42.1,-79.24,69.8,77,75,3.04,US,2020-10-22 22:16:35
33,Saint-Philippe,-21.36,55.77,73.4,78,75,5.82,RE,2020-10-22 22:18:57
34,Busselton,-33.65,115.33,46.99,92,0,9.53,AU,2020-10-22 22:17:48
35,Bethel,41.37,-73.41,69.8,77,1,9.17,US,2020-10-22 22:18:57
36,Okha,53.57,142.95,42.78,89,99,6.11,RU,2020-10-22 22:18:58
37,Amahai,-3.33,128.92,79.18,82,32,2.84,ID,2020-10-22 22:18:58
38,Merauke,-8.47,140.33,78.39,81,1,10.29,ID,2020-10-22 22:18:58
39,Kenai,60.55,-151.26,39.99,47,1,16.11,US,2020-10-22 22:18:58
40,Aykhal,66.0,111.5,17.6,100,90,8.95,RU,2020-10-22 22:15:35
41,Wajima,37.4,136.9,62.49,92,100,16.78,JP,2020-10-22 22:18:59
42,Saskylakh,71.92,114.08,4.24,93,90,11.3,RU,2020-10-22 22:18:23
43,Carnarvon,-24.87,113.63,66.2,82,0,13.87,AU,2020-10-22 22:19:00
44,Qaqortoq,60.72,-46.03,23.0,57,0,6.93,GL,2020-10-22 22:19:00
45,Buala,-8.14,159.59,84.18,67,66,4.36,SB,2020-10-22 22:19:00
46,Bredasdorp,-34.53,20.04,64.4,93,72,5.82,ZA,2020-10-22 22:19:00
47,Slave Lake,55.28,-114.77,21.2,67,90,13.87,CA,2020-10-22 22:14:35
48,Irbil,36.19,44.01,68.0,19,0,4.7,IQ,2020-10-22 22:15:02
49,Buenos Aires,-34.61,-58.38,63.0,88,90,6.93,AR,2020-10-22 22:15:33
50,Lusambo,-4.97,23.45,71.08,96,100,1.5,CD,2020-10-22 22:19:01
51,Iqaluit,63.75,-68.51,28.4,79,75,2.24,CA,2020-10-22 22:19:01
52,Knysna,-34.04,23.05,60.8,100,0,2.24,ZA,2020-10-22 22:19:02
53,Zaozerne,45.16,33.28,62.26,77,0,9.86,UA,2020-10-22 22:19:02
54,Bolshaya Sosnova,57.67,54.6,25.07,92,0,4.18,RU,2020-10-22 22:19:02
55,Olafsvik,64.89,-23.71,42.3,68,100,30.44,IS,2020-10-22 22:19:02
56,Punta Arenas,-53.15,-70.92,53.6,50,0,16.11,CL,2020-10-22 22:14:08
57,Dikson,73.51,80.55,24.76,96,90,3.0,RU,2020-10-22 22:19:03
58,Ewa Beach,21.32,-158.01,82.4,88,40,3.36,US,2020-10-22 22:16:09
59,Hithadhoo,-0.6,73.08,83.08,75,10,14.85,MV,2020-10-22 22:18:31
60,Hobart,-42.88,147.33,57.0,71,75,9.17,AU,2020-10-22 22:18:11
61,Arraial Do Cabo,-22.97,-42.03,73.4,69,40,13.87,BR,2020-10-22 22:17:40
62,Souillac,-20.52,57.52,73.4,83,75,8.05,MU,2020-10-22 22:19:04
63,Esperance,-33.87,121.9,53.6,100,90,9.6,AU,2020-10-22 22:19:04
64,Marsh Harbour,26.54,-77.06,80.24,68,13,15.68,BS,2020-10-22 22:19:04
65,Jos,9.92,8.9,68.0,52,0,11.41,NG,2020-10-22 22:19:05
66,Cordoba,-31.41,-64.18,64.0,88,90,9.17,AR,2020-10-22 22:19:05
67,Pisco,-13.7,-76.22,68.0,68,0,25.28,PE,2020-10-22 22:19:05
68,Ancud,-41.87,-73.82,61.0,54,85,5.82,CL,2020-10-22 22:19:05
69,Banes,20.96,-75.72,75.2,94,75,10.29,CU,2020-10-22 22:19:06
70,Lata,40.16,-8.33,57.99,89,16,3.53,PT,2020-10-22 22:19:06
71,Novooleksiyivka,46.23,34.64,59.16,86,19,10.98,UA,2020-10-22 22:19:06
72,Cape Town,-33.93,18.42,64.99,93,0,10.29,ZA,2020-10-22 22:18:36
73,Nhulunbuy,-12.23,136.77,80.6,83,40,6.93,AU,2020-10-22 22:19:06
74,Qaanaaq,77.48,-69.36,19.44,94,100,5.3,GL,2020-10-22 22:17:58
75,Mar Del Plata,-38.0,-57.56,55.0,100,90,18.34,AR,2020-10-22 22:19:07
76,Ushuaia,-54.8,-68.3,48.2,57,40,24.16,AR,2020-10-22 22:19:07
77,Mount Isa,-20.73,139.5,71.6,94,90,11.41,AU,2020-10-22 22:19:07
78,Kantunilkin,21.09,-87.45,84.2,79,75,4.7,MX,2020-10-22 22:19:07
79,Chuy,-33.7,-53.46,60.21,87,100,13.82,UY,2020-10-22 22:19:08
80,Kytmanovo,53.46,85.45,37.74,78,100,7.81,RU,2020-10-22 22:19:08
81,Rio Branco,-9.97,-67.81,87.8,66,0,8.05,BR,2020-10-22 22:14:13
82,Airai,-8.93,125.41,63.28,93,57,1.03,TL,2020-10-22 22:19:08
83,Butaritari,3.07,172.79,81.63,79,31,14.25,KI,2020-10-22 22:19:08
84,Vila Velha,-20.33,-40.29,75.99,78,75,10.29,BR,2020-10-22 22:14:15
85,Bluff,-46.6,168.33,63.0,56,100,4.0,NZ,2020-10-22 22:17:46
86,Victoria,22.29,114.16,73.0,57,100,1.01,HK,2020-10-22 22:15:52
87,Port Elizabeth,-33.92,25.57,68.0,94,10,13.87,ZA,2020-10-22 22:19:09
88,Chokurdakh,70.63,147.92,1.72,92,72,9.6,RU,2020-10-22 22:17:54
89,Ghanzi,-21.57,21.78,73.98,27,0,10.07,BW,2020-10-22 22:19:10
90,Bahia Blanca,-38.72,-62.27,68.49,59,58,8.12,AR,2020-10-22 22:19:10
91,Ponta Do Sol,32.67,-17.1,66.2,63,20,1.12,PT,2020-10-22 22:19:10
92,Sokolo,14.73,-6.12,88.74,16,4,6.87,ML,2020-10-22 22:19:11
93,Tasiilaq,65.61,-37.64,37.4,51,100,28.86,GL,2020-10-22 22:19:11
94,Ambon,-3.7,128.18,80.94,78,22,3.22,ID,2020-10-22 22:19:11
95,Haines Junction,60.75,-137.51,25.25,78,0,2.48,CA,2020-10-22 22:19:12
96,Goderich,43.75,-81.72,55.0,87,100,13.65,CA,2020-10-22 22:19:12
97,Beya,53.05,90.91,41.32,81,92,3.69,RU,2020-10-22 22:19:12
98,Klaksvik,62.23,-6.59,42.8,75,100,17.22,FO,2020-10-22 22:18:13
99,Port Alfred,-33.59,26.89,66.97,92,2,13.94,ZA,2020-10-22 22:19:13
100,Itoman,26.12,127.67,73.4,78,75,28.86,JP,2020-10-22 22:19:13
101,Muros,42.78,-9.06,55.99,94,37,5.19,ES,2020-10-22 22:19:13
102,Nouadhibou,20.93,-17.03,71.6,73,0,12.75,MR,2020-10-22 22:19:14
103,Sorland,67.67,12.69,40.87,67,100,10.02,NO,2020-10-22 22:19:14
104,Provideniya,64.38,-173.3,39.2,69,75,15.66,RU,2020-10-22 22:19:14
105,Ilulissat,69.22,-51.1,26.6,68,87,14.99,GL,2020-10-22 22:19:14
106,Bosaso,11.28,49.18,79.74,57,65,3.06,SO,2020-10-22 22:19:15
107,Kampot,10.62,104.18,75.2,94,40,3.36,KH,2020-10-22 22:19:15
108,Karaidel,55.83,56.91,23.47,96,50,4.59,RU,2020-10-22 22:19:15
109,Henties Bay,-22.12,14.28,62.01,86,0,1.01,NA,2020-10-22 22:19:15
110,Deputatskiy,69.3,139.9,-0.58,89,0,1.52,RU,2020-10-22 22:19:16
111,Bonavista,48.65,-53.11,53.01,67,79,17.0,CA,2020-10-22 22:19:16
112,Chipinge,-20.19,32.62,61.14,89,9,3.83,ZW,2020-10-22 22:19:16
113,Atar,20.52,-13.05,88.36,27,5,8.95,MR,2020-10-22 22:19:16
114,Maniitsoq,65.42,-52.9,26.15,87,16,6.06,GL,2020-10-22 22:19:17
115,Talnakh,69.49,88.4,6.8,84,40,11.18,RU,2020-10-22 22:19:17
116,Tuktoyaktuk,69.45,-133.04,24.8,100,90,21.92,CA,2020-10-22 22:19:12
117,Linxia,35.6,103.21,43.38,61,72,1.36,CN,2020-10-22 22:19:18
118,Yokadouma,3.52,15.05,70.59,95,100,0.65,CM,2020-10-22 22:19:18
119,Itarema,-2.92,-39.92,80.01,80,86,15.79,BR,2020-10-22 22:19:18
120,Kirsanov,52.65,42.72,41.67,81,100,10.18,RU,2020-10-22 22:19:18
121,Castro,-24.79,-50.01,63.75,81,9,10.2,BR,2020-10-22 22:16:49
122,Faya,18.39,42.45,64.4,18,0,5.82,SA,2020-10-22 22:19:19
123,Saint-Joseph,-21.37,55.62,73.4,78,75,5.82,RE,2020-10-22 22:19:19
124,Mpulungu,-8.76,31.11,79.9,47,81,7.76,ZM,2020-10-22 22:19:19
125,Upernavik,72.79,-56.15,25.23,97,100,8.12,GL,2020-10-22 22:19:20
126,Sicuani,-14.27,-71.23,61.27,36,93,6.64,PE,2020-10-22 22:19:20
127,Bunia,1.57,30.25,64.08,93,100,2.13,CD,2020-10-22 22:19:20
128,Bijela,43.61,17.95,44.6,93,0,1.12,BA,2020-10-22 22:19:01
129,Nikolskoye,59.7,30.79,50.0,93,90,4.47,RU,2020-10-22 22:19:20
130,Katsuura,35.13,140.3,64.4,88,75,2.24,JP,2020-10-22 22:19:21
131,Porto Novo,6.5,2.6,80.6,88,40,6.93,BJ,2020-10-22 22:19:21
132,Thompson,55.74,-97.86,28.4,63,90,11.41,CA,2020-10-22 22:18:51
133,Kununurra,-15.77,128.73,78.8,88,90,5.82,AU,2020-10-22 22:19:21
134,Petropavlovsk-Kamchatskiy,53.05,158.65,30.2,80,58,8.95,RU,2020-10-22 22:19:21
135,Lima,-12.04,-77.03,66.2,72,75,14.99,PE,2020-10-22 22:18:15
136,Anda,46.4,125.32,28.27,86,0,7.63,CN,2020-10-22 22:19:22
137,Matara,5.95,80.54,77.61,87,79,8.59,LK,2020-10-22 22:19:22
138,Kruisfontein,-34.0,24.73,61.0,90,0,1.99,ZA,2020-10-22 22:18:23
139,Nalut,30.33,10.85,70.86,38,0,15.37,LY,2020-10-22 22:19:23
140,Clyde River,70.47,-68.59,12.2,85,40,6.93,CA,2020-10-22 22:19:23
141,Athabasca,54.72,-113.29,24.06,82,100,7.38,CA,2020-10-22 22:15:07
142,Hilo,19.73,-155.09,87.8,55,75,10.29,US,2020-10-22 22:17:55
143,Frederick,39.47,-77.4,78.8,54,1,3.29,US,2020-10-22 22:19:24
144,Ayan,56.45,138.17,29.53,88,17,14.47,RU,2020-10-22 22:19:24
145,Isiro,2.77,27.62,67.95,99,100,1.83,CD,2020-10-22 22:19:24
146,Gambela,8.25,34.58,71.46,83,1,3.38,ET,2020-10-22 22:19:25
147,Pontes E Lacerda,-15.23,-59.34,76.98,80,80,2.77,BR,2020-10-22 22:19:25
148,Bubaque,11.28,-15.83,83.55,80,0,11.12,GW,2020-10-22 22:19:25
149,Cidreira,-30.18,-50.21,65.62,86,98,24.0,BR,2020-10-22 22:19:25
150,Sinnamary,5.38,-52.95,81.81,80,86,11.48,GF,2020-10-22 22:19:26
151,Mukhen,48.1,136.1,34.29,90,61,1.86,RU,2020-10-22 22:19:26
152,Anniston,33.66,-85.83,82.0,54,1,5.82,US,2020-10-22 22:17:41
153,Ponta Delgada,37.73,-25.67,60.8,67,40,5.82,PT,2020-10-22 22:19:07
154,Lubao,14.92,120.55,78.8,100,75,4.7,PH,2020-10-22 22:19:27
155,Whitehorse,60.72,-135.05,18.0,78,40,3.36,CA,2020-10-22 22:19:27
156,Sitka,57.05,-135.33,39.2,38,40,12.75,US,2020-10-22 22:14:29
157,Barsovo,61.17,73.17,23.0,100,40,6.71,RU,2020-10-22 22:19:28
158,Balaipungut,1.05,101.28,75.2,100,20,0.96,ID,2020-10-22 22:19:28
159,Dongfeng,42.64,125.51,28.4,86,0,4.9,CN,2020-10-22 22:19:28
160,Tual,-5.67,132.75,82.18,80,100,8.43,ID,2020-10-22 22:19:28
161,Atambua,-9.11,124.89,76.19,78,34,1.57,ID,2020-10-22 22:19:28
162,Luderitz,-26.65,15.16,59.27,81,0,8.05,NA,2020-10-22 22:19:29
163,Jinchang,38.5,102.17,39.4,61,0,1.61,CN,2020-10-22 22:19:29
164,Puerto Ayora,-0.74,-90.35,77.0,73,20,21.92,EC,2020-10-22 22:19:30
165,Oranjemund,-28.55,16.43,59.29,85,78,6.89,NA,2020-10-22 22:19:30
166,Ndele,8.41,20.65,72.03,88,100,2.98,CF,2020-10-22 22:18:46
167,Ilinskoye-Khovanskoye,56.97,39.77,39.2,93,90,8.95,RU,2020-10-22 22:19:30
168,Matamoros,25.53,-103.25,91.4,21,5,3.91,MX,2020-10-22 22:19:31
169,Cairns,-16.92,145.77,81.0,73,90,5.82,AU,2020-10-22 22:18:16
170,Faanui,-16.48,-151.75,78.98,74,4,8.48,PF,2020-10-22 22:19:31
171,Saldanha,-33.01,17.94,59.0,82,57,2.24,ZA,2020-10-22 22:19:32
172,Bluefield,37.27,-81.22,71.6,49,1,3.36,US,2020-10-22 22:19:32
173,Mayo,38.89,-76.51,73.0,88,1,5.82,US,2020-10-22 22:19:32
174,Yaan,7.38,8.57,76.48,88,93,4.92,NG,2020-10-22 22:19:33
175,Rock Springs,41.59,-109.2,30.2,58,1,21.92,US,2020-10-22 22:19:33
176,Guadalajara,20.67,-103.33,87.01,32,40,3.36,MX,2020-10-22 22:18:08
177,Nara,34.69,135.8,64.99,100,75,2.24,JP,2020-10-22 22:15:00
178,Salinopolis,-0.61,-47.36,80.65,76,62,11.68,BR,2020-10-22 22:19:34
179,Coihaique,-45.58,-72.07,64.4,57,0,5.82,CL,2020-10-22 22:19:34
180,Geraldton,-28.77,114.6,50.0,87,0,6.93,AU,2020-10-22 22:18:42
181,Sandy Bay,-42.91,147.35,57.99,71,75,9.17,AU,2020-10-22 22:19:35
182,Kainantu,-6.29,145.87,66.07,86,91,1.34,PG,2020-10-22 22:19:35
183,Codrington,-38.27,141.97,54.28,96,100,4.16,AU,2020-10-22 22:19:35
184,Napasar,27.97,73.55,73.98,24,0,2.95,IN,2020-10-22 22:19:36
185,Valdez,1.25,-78.98,77.25,84,99,13.11,EC,2020-10-22 22:19:36
186,Waycross,31.21,-82.35,78.8,61,40,10.29,US,2020-10-22 22:19:36
187,Marzuq,14.4,46.47,66.87,23,99,3.69,YE,2020-10-22 22:19:37
188,Ola,59.58,151.28,30.47,92,96,11.34,RU,2020-10-22 22:19:37
189,Longyearbyen,78.22,15.64,17.6,85,20,5.82,SJ,2020-10-22 22:19:37
190,Lasa,46.62,10.7,52.0,93,40,8.05,IT,2020-10-22 22:19:38
191,Tahta,26.77,31.5,78.8,31,0,11.41,EG,2020-10-22 22:19:38
192,Vradiyivka,47.86,30.59,54.68,43,4,2.68,UA,2020-10-22 22:19:38
193,Lyubim,58.36,40.68,38.89,94,100,11.86,RU,2020-10-22 22:19:39
194,Iranshahr,27.2,60.68,64.4,7,0,3.67,IR,2020-10-22 22:19:39
195,Lewistown,40.6,-77.57,77.0,50,20,8.05,US,2020-10-22 22:19:39
196,Arman,59.7,150.17,32.23,86,100,7.92,RU,2020-10-22 22:19:39
197,Lompoc,34.64,-120.46,68.0,68,40,9.17,US,2020-10-22 22:17:30
198,Roald,62.58,6.13,39.2,66,16,13.87,NO,2020-10-22 22:19:40
199,La Rioja,42.25,-2.5,57.99,87,0,6.53,ES,2020-10-22 22:18:27
200,Kulhudhuffushi,6.62,73.07,81.48,79,74,13.22,MV,2020-10-22 22:19:40
201,Sironj,24.1,77.7,73.94,45,54,3.24,IN,2020-10-22 22:19:40
202,Tilichiki,60.47,166.1,34.16,90,50,4.27,RU,2020-10-22 22:19:41
203,Honiara,-9.43,159.95,77.0,94,75,2.24,SB,2020-10-22 22:19:41
204,Jumla,29.27,82.18,44.24,64,18,3.11,NP,2020-10-22 22:15:03
205,Portobelo,9.55,-79.65,84.99,74,40,5.82,PA,2020-10-22 22:19:41
206,Garowe,8.41,48.48,80.22,67,53,11.03,SO,2020-10-22 22:19:41
207,Necochea,-38.55,-58.74,57.99,82,89,8.99,AR,2020-10-22 22:19:42
208,Udachnyy,66.42,112.4,17.6,100,90,8.95,RU,2020-10-22 22:19:42
209,Shache,38.42,77.24,46.72,42,0,7.0,CN,2020-10-22 22:19:42
210,Opuwo,-18.06,13.84,64.26,52,0,6.42,NA,2020-10-22 22:19:43
211,Riyadh,24.69,46.72,69.8,22,0,5.82,SA,2020-10-22 22:19:43
212,Salvador,13.83,-88.92,78.8,88,75,6.93,SV,2020-10-22 22:17:44
213,Cabo San Lucas,22.89,-109.91,93.2,55,5,2.24,MX,2020-10-22 22:19:43
214,Liberal,37.04,-100.92,64.4,55,1,29.97,US,2020-10-22 22:19:44
215,Samarai,-10.62,150.67,81.0,82,100,8.1,PG,2020-10-22 22:19:18
216,Ribeira Grande,38.52,-28.7,65.25,68,17,9.44,PT,2020-10-22 22:19:45
217,Sterling,39.01,-77.43,78.8,61,40,10.29,US,2020-10-22 22:15:04
218,At-Bashi,41.17,75.81,35.46,73,54,0.89,KG,2020-10-22 22:19:46
219,Flin Flon,54.77,-101.86,30.2,54,90,9.17,CA,2020-10-22 22:19:46
220,Taonan,45.33,122.78,29.34,86,0,7.76,CN,2020-10-22 22:19:46
221,Terrassa,41.57,2.02,63.0,93,100,1.12,ES,2020-10-22 22:19:47
222,Khani,41.96,42.96,53.6,93,0,4.7,GE,2020-10-22 22:19:47
223,Nanortalik,60.14,-45.24,29.91,84,0,13.02,GL,2020-10-22 22:19:48
224,Narsaq,60.92,-46.05,23.0,57,0,6.93,GL,2020-10-22 22:15:57
225,Vorobyevka,50.65,40.92,49.8,72,99,8.93,RU,2020-10-22 22:19:50
226,Fortuna,40.6,-124.16,63.0,36,1,17.22,US,2020-10-22 22:18:07
227,Sao Joao Da Barra,-21.64,-41.05,75.2,83,75,13.87,BR,2020-10-22 22:19:52
228,Bambous Virieux,-20.34,57.76,73.4,83,75,8.05,MU,2020-10-22 22:19:52
229,Meulaboh,4.14,96.13,76.95,83,100,3.83,ID,2020-10-22 22:19:27
230,Pekalongan,-6.89,109.68,66.0,78,87,4.92,ID,2020-10-22 22:19:53
231,Tuatapere,-46.13,167.68,63.0,56,100,4.0,NZ,2020-10-22 22:19:53
232,Mamlyutka,54.94,68.54,27.91,96,23,8.99,KZ,2020-10-22 22:19:53
233,Kapit,2.02,112.93,74.73,91,100,1.05,MY,2020-10-22 22:19:54
234,Saint George,37.1,-113.58,84.99,13,1,3.36,US,2020-10-22 22:19:23
235,Yeppoon,-23.13,150.73,77.0,65,40,10.29,AU,2020-10-22 22:19:55
236,Agadir,30.42,-9.6,64.4,93,40,4.7,MA,2020-10-22 22:19:55
237,Angoche,-16.23,39.91,75.97,79,57,10.85,MZ,2020-10-22 22:19:55
238,Igrim,63.19,64.42,21.33,93,27,5.93,RU,2020-10-22 22:19:56
239,Srivardhan,18.03,73.02,77.92,85,84,4.0,IN,2020-10-22 22:19:56
240,Oranjestad,12.52,-70.03,87.8,74,20,24.16,AW,2020-10-22 22:19:43
241,Jacqueville,5.21,-4.41,80.6,88,75,9.17,CI,2020-10-22 22:19:56
242,Kieta,-6.22,155.63,82.99,70,72,4.29,PG,2020-10-22 22:19:57
243,Xiamen,24.48,118.08,71.6,37,0,15.66,CN,2020-10-22 22:19:57
244,Otavi,-19.65,17.33,76.51,18,42,12.33,NA,2020-10-22 22:19:57
245,Mehamn,71.04,27.85,35.6,69,0,10.29,NO,2020-10-22 22:19:57
246,French Harbor,16.35,-86.43,86.0,74,20,5.82,HN,2020-10-22 22:19:59
247,Kaitangata,-46.28,169.85,60.46,52,85,5.53,NZ,2020-10-22 22:19:59
248,Camopi,3.17,-52.32,86.79,43,53,5.21,GF,2020-10-22 22:19:59
249,Lebu,-37.62,-73.65,51.75,78,99,11.32,CL,2020-10-22 22:20:00
250,Luanda,-8.84,13.23,77.0,83,20,9.17,AO,2020-10-22 22:20:00
251,Port Hardy,50.7,-127.42,46.4,81,90,6.93,CA,2020-10-22 22:20:00
252,Maragogi,-9.01,-35.22,77.18,85,78,7.58,BR,2020-10-22 22:15:58
253,Ahipara,-35.17,173.17,65.84,77,68,7.07,NZ,2020-10-22 22:20:01
254,Quesnel,53.0,-122.5,24.8,73,90,5.82,CA,2020-10-22 22:16:03
255,Yelizovo,53.19,158.38,30.2,80,61,8.95,RU,2020-10-22 22:20:02
256,Mahebourg,-20.41,57.7,73.4,83,75,8.05,MU,2020-10-22 22:20:02
257,Thinadhoo,0.53,72.93,82.83,75,37,16.58,MV,2020-10-22 22:20:03
258,Russell,32.35,-85.2,82.4,58,75,5.82,US,2020-10-22 22:15:27
259,Barpeta,26.32,91.0,75.38,89,100,2.68,IN,2020-10-22 22:16:12
260,Kamuli,0.95,33.12,66.36,93,77,1.59,UG,2020-10-22 22:20:04
261,Ugoofaaru,5.67,73.0,81.79,79,33,13.8,MV,2020-10-22 22:20:04
262,Opportunity,47.65,-117.24,45.0,45,75,3.36,US,2020-10-22 22:20:05
263,Umm Lajj,25.02,37.27,82.33,36,0,6.26,SA,2020-10-22 22:20:05
264,Kotelnikovo,47.63,43.15,49.28,54,88,8.5,RU,2020-10-22 22:18:29
265,Ndago,-4.6,34.35,68.99,45,35,17.07,TZ,2020-10-22 22:20:06
266,Bang Saphan,11.21,99.51,75.61,89,100,3.42,TH,2020-10-22 22:20:06
267,Barraute,48.43,-77.63,39.99,93,90,1.1,CA,2020-10-22 22:19:09
268,Torbay,47.67,-52.73,55.0,71,20,27.51,CA,2020-10-22 22:18:12
269,Akdepe,42.06,59.38,46.4,72,0,4.7,TM,2020-10-22 22:20:08
270,Cherskiy,68.75,161.3,17.28,93,99,3.36,RU,2020-10-22 22:18:15
271,Owando,-0.48,15.9,72.18,96,100,3.0,CG,2020-10-22 22:20:08
272,Poum,-20.23,164.02,77.43,77,77,14.14,NC,2020-10-22 22:20:09
273,Soyo,-6.13,12.37,77.5,83,98,9.98,AO,2020-10-22 22:20:10
274,Port Moresby,-9.44,147.18,79.95,81,84,3.78,PG,2020-10-22 22:15:17
275,Laredo,27.51,-99.51,93.2,38,20,6.93,US,2020-10-22 22:20:10
276,Aklavik,68.22,-135.01,23.0,92,90,2.24,CA,2020-10-22 22:20:11
277,Sal Rei,16.18,-22.92,78.8,78,40,13.87,CV,2020-10-22 22:20:11
278,Port Hawkesbury,45.62,-61.35,50.0,87,75,3.36,CA,2020-10-22 22:20:12
279,Brae,60.4,-1.35,37.4,86,67,1.12,GB,2020-10-22 22:18:45
280,Constitucion,-35.33,-72.42,57.27,69,4,13.58,CL,2020-10-22 22:20:12
281,Mareeba,-17.0,145.43,81.0,73,90,5.82,AU,2020-10-22 22:20:13
282,Haradok,55.46,29.98,54.18,82,97,16.24,BY,2020-10-22 22:20:13
283,Maguling,6.09,124.4,79.65,65,100,2.84,PH,2020-10-22 22:20:13
284,Srandakan,-7.94,110.25,76.42,88,3,3.89,ID,2020-10-22 22:20:13
285,Chernyshevskiy,63.01,112.47,34.07,91,100,10.71,RU,2020-10-22 22:20:13
286,Taksimo,56.34,114.88,17.49,92,50,1.05,RU,2020-10-22 22:20:14
287,Vetlanda,57.43,15.08,52.0,93,77,16.11,SE,2020-10-22 22:20:14
288,Morondava,-20.28,44.28,75.87,85,0,8.86,MG,2020-10-22 22:20:14
289,Nador,35.17,-2.93,64.4,93,0,3.83,MA,2020-10-22 22:18:13
290,Bengkulu,-3.8,102.27,75.9,75,100,4.63,ID,2020-10-22 22:20:15
291,Port Shepstone,-30.74,30.45,68.94,87,60,21.45,ZA,2020-10-22 22:20:15
292,Port Lincoln,-34.73,135.87,59.58,91,100,21.32,AU,2020-10-22 22:20:15
293,Evans,33.53,-82.13,84.2,48,20,10.29,US,2020-10-22 22:18:43
294,Zeya,53.75,127.27,19.38,93,80,4.05,RU,2020-10-22 22:20:16
295,Pontianak,-0.03,109.33,75.54,92,99,1.95,ID,2020-10-22 22:20:16
296,Gazli,40.13,63.45,44.73,73,81,6.8,UZ,2020-10-22 22:20:16
297,Semporna,4.48,118.61,75.2,94,20,10.38,MY,2020-10-22 22:20:16
298,San Francisco,37.77,-122.42,71.6,52,20,17.22,US,2020-10-22 22:20:08
299,Zhanaozen,43.3,52.8,44.02,59,22,5.3,KZ,2020-10-22 22:20:17
300,Krasnoselkup,65.7,82.47,8.73,95,100,9.17,RU,2020-10-22 22:20:17
301,Raudeberg,61.99,5.14,43.0,71,1,20.51,NO,2020-10-22 22:20:17
302,Mlowo,-9.0,32.98,62.28,77,1,6.85,TZ,2020-10-22 22:20:18
303,Ceres,37.59,-120.96,78.8,22,1,17.22,US,2020-10-22 22:20:18
304,Kilakarai,9.23,78.78,80.58,69,0,11.52,IN,2020-10-22 22:20:18
305,Ruteng,-8.61,120.47,63.18,100,29,1.77,ID,2020-10-22 22:20:19
306,Norman Wells,65.28,-126.83,21.2,92,20,3.36,CA,2020-10-22 22:20:19
307,Virginia Beach,36.85,-75.98,73.0,90,100,5.88,US,2020-10-22 22:15:34
308,Ketchikan,55.34,-131.65,42.8,56,75,8.05,US,2020-10-22 22:20:19
309,Coquimbo,-29.95,-71.34,55.4,82,75,11.41,CL,2020-10-22 22:20:09
310,Fortuna Foothills,32.66,-114.41,95.0,36,1,8.05,US,2020-10-22 22:18:08
311,Balikpapan,-1.27,116.83,78.8,94,40,3.36,ID,2020-10-22 22:20:20
312,Kandrian,-6.22,149.55,81.93,75,94,6.71,PG,2020-10-22 22:20:20
313,Nuuk,64.18,-51.72,28.4,74,0,13.87,GL,2020-10-22 22:20:21
314,Flinders,-34.58,150.86,70.0,81,6,7.0,AU,2020-10-22 22:20:21
315,Bemidji,47.47,-94.88,32.0,100,90,6.93,US,2020-10-22 22:20:22
316,Resavica,44.04,21.58,52.36,46,0,2.13,RS,2020-10-22 22:20:22
317,Namatanai,-3.67,152.43,83.1,66,49,9.6,PG,2020-10-22 22:20:22
318,Caceres,39.52,-6.37,54.0,94,26,6.49,ES,2020-10-22 22:20:22
319,Fernie,49.5,-115.07,26.6,53,90,9.17,CA,2020-10-22 22:20:23
320,Zhanakorgan,43.91,67.25,42.71,62,100,7.76,KZ,2020-10-22 22:20:23
321,Uige,-7.61,15.06,68.11,96,100,2.51,AO,2020-10-22 22:20:23
322,Salinas,36.68,-121.66,69.8,56,1,12.75,US,2020-10-22 22:16:20
323,Zhuhai,22.28,113.57,73.4,56,20,24.16,CN,2020-10-22 22:20:23
324,El Calvario,14.12,-89.92,82.4,65,0,3.36,GT,2020-10-22 22:20:24
325,Kahului,20.89,-156.47,86.0,51,20,10.29,US,2020-10-22 22:18:47
326,Kanniyakumari,8.08,77.57,78.62,83,1,16.33,IN,2020-10-22 22:20:24
327,Northfield,44.46,-93.16,33.8,97,90,14.99,US,2020-10-22 22:20:24
328,Saumur,47.33,-0.25,55.99,93,75,2.24,FR,2020-10-22 22:20:25
329,Estacion Coahuila,32.19,-115.0,95.0,36,1,8.05,MX,2020-10-22 22:20:25
330,Nyurba,63.28,118.33,22.73,97,98,9.57,RU,2020-10-22 22:20:25
331,Krishnarajasagara,12.41,76.58,68.54,96,100,6.4,IN,2020-10-22 22:20:26
332,Port Keats,-14.25,129.55,84.16,70,68,7.27,AU,2020-10-22 22:20:26
333,Poli,-3.33,36.8,73.4,69,20,11.41,TZ,2020-10-22 22:20:26
334,Kupang,-10.17,123.58,75.2,83,20,1.12,ID,2020-10-22 22:20:26
335,Mount Gambier,-37.83,140.77,53.6,100,90,4.56,AU,2020-10-22 22:20:27
336,Katherine,-14.47,132.27,84.2,48,40,4.7,AU,2020-10-22 22:20:27
337,Brownsville,25.9,-97.5,87.8,62,75,12.75,US,2020-10-22 22:20:27
338,Laguna,38.42,-121.42,81.0,13,1,16.11,US,2020-10-22 22:20:27
339,Sioux Lookout,50.1,-91.92,33.8,69,90,5.82,CA,2020-10-22 22:20:28
340,Matagami,49.75,-77.63,33.8,100,90,2.24,CA,2020-10-22 22:20:28
341,Zhangjiakou,40.81,114.88,32.2,78,0,3.24,CN,2020-10-22 22:20:28
342,Aksu,41.12,80.26,45.21,45,28,0.78,CN,2020-10-22 22:20:28
343,La Ronge,55.1,-105.28,26.6,63,90,13.87,CA,2020-10-22 22:20:28
344,Kerouane,9.27,-9.02,71.31,82,29,0.6,GN,2020-10-22 22:20:29
345,Gat,31.61,34.76,73.4,69,0,8.05,IL,2020-10-22 22:20:29
346,Touros,-5.2,-35.46,78.8,83,40,6.93,BR,2020-10-22 22:19:49
347,Hovd,48.01,91.64,34.23,73,15,2.28,MN,2020-10-22 22:20:29
348,Impfondo,1.64,18.07,71.22,95,100,0.63,CG,2020-10-22 22:20:30
349,Camacha,33.08,-16.33,66.2,72,20,9.17,PT,2020-10-22 22:20:30
350,Svetlogorsk,52.63,29.73,50.47,90,75,8.93,BY,2020-10-22 22:20:30
351,Biak,-0.91,122.88,76.8,73,72,3.27,ID,2020-10-22 22:20:30
352,Guerrero Negro,27.98,-114.06,73.87,60,5,13.8,MX,2020-10-22 22:20:31
353,Dunedin,-45.87,170.5,59.0,65,89,11.01,NZ,2020-10-22 22:20:31
354,Ibra,22.69,58.53,65.82,38,0,4.7,OM,2020-10-22 22:20:31
355,Yulara,-25.24,130.99,64.4,68,75,10.29,AU,2020-10-22 22:18:10
356,Aljezur,37.32,-8.8,61.12,83,0,8.16,PT,2020-10-22 22:20:31
357,Sarlat-La-Caneda,44.89,1.22,61.0,84,99,1.99,FR,2020-10-22 22:20:32
358,Xining,36.62,101.77,38.44,63,36,2.28,CN,2020-10-22 22:20:32
359,Ardakan,32.31,54.02,57.2,26,0,2.24,IR,2020-10-22 22:20:32
360,Borkenes,68.77,16.17,32.0,86,100,8.05,NO,2020-10-22 22:20:33
361,Yar-Sale,66.83,70.83,15.64,96,92,8.68,RU,2020-10-22 22:20:33
362,Aloleng,16.13,119.78,80.13,85,100,12.37,PH,2020-10-22 22:20:33
363,Pacocha,-17.58,-71.33,64.15,74,46,5.66,PE,2020-10-22 22:20:33
364,Inhambane,-23.86,35.38,73.27,73,81,8.97,MZ,2020-10-22 22:19:13
365,Kaeo,-35.1,173.78,64.99,91,75,5.99,NZ,2020-10-22 22:20:34
366,Mountain Home,43.13,-115.69,50.0,23,1,13.87,US,2020-10-22 22:16:11
367,Leshukonskoye,64.9,45.76,26.92,96,97,6.6,RU,2020-10-22 22:20:34
368,Bridlington,54.08,-0.19,48.2,76,5,10.29,GB,2020-10-22 22:20:36
369,Alta Floresta,-9.88,-56.09,84.49,54,79,2.48,BR,2020-10-22 22:20:36
370,Padang,-0.95,100.35,79.95,61,100,7.74,ID,2020-10-22 22:17:18
371,Parry Sound,45.35,-80.03,52.0,85,100,5.12,CA,2020-10-22 22:18:27
372,Ostrovnoy,68.05,39.51,30.74,96,100,13.96,RU,2020-10-22 22:20:37
373,Sinazongwe,-17.26,27.46,81.52,48,23,7.49,ZM,2020-10-22 22:20:37
374,Tazovskiy,67.47,78.7,9.25,96,93,9.15,RU,2020-10-22 22:20:37
375,Cockburn Town,21.46,-71.14,81.86,78,0,16.62,TC,2020-10-22 22:20:37
376,Kalmunai,7.42,81.82,78.76,79,99,7.14,LK,2020-10-22 22:20:38
377,Kibre Mengist,5.88,38.98,58.71,94,98,1.97,ET,2020-10-22 22:16:08
378,Cesenatico,44.2,12.4,59.0,87,90,5.82,IT,2020-10-22 22:20:38
379,Caravelas,-17.71,-39.25,74.37,87,97,6.82,BR,2020-10-22 22:20:05
380,Half Moon Bay,37.46,-122.43,78.01,38,5,12.75,US,2020-10-22 22:17:29
381,Ahuimanu,21.44,-157.84,82.4,74,75,10.29,US,2020-10-22 22:19:00
382,Cranbrook,49.5,-115.77,34.59,71,8,3.36,CA,2020-10-22 22:20:40
383,Collecchio,44.75,10.22,54.0,100,20,3.36,IT,2020-10-22 22:20:40
384,Bida,9.08,6.02,80.17,59,82,2.17,NG,2020-10-22 22:20:40
385,Berbera,10.44,45.01,85.57,55,99,9.53,SO,2020-10-22 22:20:40
386,Arroyo,41.61,-4.8,53.01,100,0,3.36,ES,2020-10-22 22:20:41
387,Gorodishche,48.8,44.47,50.0,61,75,11.18,RU,2020-10-22 22:20:41
388,Kyabram,-36.32,145.05,61.79,77,98,13.91,AU,2020-10-22 22:20:41
389,Marrakesh,31.63,-8.01,64.4,72,75,4.7,MA,2020-10-22 22:18:39
390,Sagua De Tanamo,20.58,-75.24,78.89,87,94,3.8,CU,2020-10-22 22:20:42
391,Leningradskiy,69.38,178.42,29.64,92,0,6.4,RU,2020-10-22 22:20:42
392,Verkhoyansk,67.54,133.38,-0.18,86,0,2.93,RU,2020-10-22 22:20:42
393,Kloulklubed,7.04,134.26,77.0,88,90,9.17,PW,2020-10-22 22:20:43
394,Pozo Colorado,-23.49,-58.8,86.32,49,58,5.03,PY,2020-10-22 22:20:43
395,Havoysund,71.0,24.66,32.0,86,75,18.34,NO,2020-10-22 22:20:43
396,Severnyy,50.68,36.55,50.0,66,0,11.18,RU,2020-10-22 22:20:44
397,Baltay,52.47,46.63,36.99,87,100,9.98,RU,2020-10-22 22:20:44
398,Novikovo,51.15,37.89,48.36,70,90,11.34,RU,2020-10-22 22:20:44
399,Mokhotlong,-29.29,29.07,53.56,63,21,2.64,LS,2020-10-22 22:20:44
400,Kommunisticheskiy,61.68,64.48,20.61,94,21,4.74,RU,2020-10-22 22:20:45
401,Ormara,25.21,64.64,79.05,36,0,6.67,PK,2020-10-22 22:20:45
402,Bonthe,7.53,-12.51,78.98,84,97,5.17,SL,2020-10-22 22:18:27
403,Prien,30.18,-93.27,84.2,78,1,6.93,US,2020-10-22 22:20:45
404,Harper,4.38,-7.72,77.74,88,93,5.53,LR,2020-10-22 22:20:46
405,Chicama,-7.84,-79.15,70.63,64,20,8.12,PE,2020-10-22 22:20:46
406,Tessalit,20.2,1.01,86.45,12,0,12.24,ML,2020-10-22 22:20:46
407,Pachino,36.72,15.09,57.0,93,0,3.36,IT,2020-10-22 22:20:46
408,Sibolga,1.74,98.78,76.46,76,100,3.31,ID,2020-10-22 22:20:47
409,Bow Island,49.87,-111.37,24.01,62,90,5.82,CA,2020-10-22 22:20:47
410,The Valley,18.22,-63.06,86.0,79,20,6.93,AI,2020-10-22 22:18:22
411,Kodiak,57.79,-152.41,46.4,75,90,28.86,US,2020-10-22 22:19:44
412,Haldibari,26.33,88.77,72.21,96,6,0.72,IN,2020-10-22 22:20:48
413,Bereda,43.27,-7.54,52.0,94,5,7.0,ES,2020-10-22 22:20:48
414,Inta,66.03,60.17,25.27,98,100,11.68,RU,2020-10-22 22:20:49
415,Paignton,50.44,-3.57,55.99,95,11,4.0,GB,2020-10-22 22:20:49
416,Suzhou,31.31,120.62,54.0,98,0,4.88,CN,2020-10-22 22:19:57
417,Praya,14.92,-23.51,78.8,83,20,19.46,CV,2020-10-22 22:20:49
418,Bowen,-20.02,148.23,71.6,83,100,2.24,AU,2020-10-22 22:20:50
419,Tautira,-17.73,-149.15,75.2,83,75,6.93,PF,2020-10-22 22:20:50
420,Grindavik,63.84,-22.43,42.8,75,75,26.4,IS,2020-10-22 22:20:50
421,Praia,14.92,-23.51,78.8,83,20,19.46,CV,2020-10-22 22:20:50
422,Colquechaca,-18.67,-66.02,42.17,81,56,7.45,BO,2020-10-22 22:20:51
423,Nizwa,22.93,57.53,63.84,27,0,1.43,OM,2020-10-22 22:20:51
424,Batsfjord,70.63,29.72,35.6,74,0,13.87,NO,2020-10-22 22:20:51
425,Havre-Saint-Pierre,50.23,-63.6,37.4,59,90,9.17,CA,2020-10-22 22:20:52
426,Yuli,9.7,10.27,78.64,46,8,2.89,NG,2020-10-22 22:20:52
427,Basudebpur,21.14,86.74,75.22,90,98,13.67,IN,2020-10-22 22:20:52
428,Sao Miguel Do Araguaia,-13.28,-50.16,85.37,46,87,2.82,BR,2020-10-22 22:20:52
429,Beloha,-25.17,45.05,70.59,74,0,12.37,MG,2020-10-22 22:20:53
430,Stephenville,32.22,-98.2,86.0,42,40,12.75,US,2020-10-22 22:20:53
431,Roanoke,37.27,-79.94,75.99,53,40,10.29,US,2020-10-22 22:19:43
432,Krasnogorsk,55.82,37.32,46.4,87,90,8.95,RU,2020-10-22 22:20:53
433,Shu,43.6,73.76,46.44,65,100,4.81,KZ,2020-10-22 22:20:54
434,Revda,56.8,59.93,24.8,68,75,15.66,RU,2020-10-22 22:20:54
435,Valparaiso,-33.04,-71.63,60.8,67,0,6.93,CL,2020-10-22 22:18:56
436,Sola,-13.88,167.55,75.2,100,90,2.24,VU,2020-10-22 22:20:55
437,Quatis,-22.41,-44.26,66.76,82,55,6.4,BR,2020-10-22 22:20:55
438,Severo-Kurilsk,50.68,156.12,44.47,80,75,10.96,RU,2020-10-22 22:20:56
439,Mersing,2.43,103.84,77.0,88,100,5.82,MY,2020-10-22 22:17:08
440,Las Vegas,36.17,-115.14,89.01,10,1,3.36,US,2020-10-22 22:17:25
441,Naze,28.37,129.48,71.6,83,75,14.99,JP,2020-10-22 22:20:57
442,Vancouver,49.25,-123.12,55.0,66,20,9.17,CA,2020-10-22 22:18:26
443,Dzaoudzi,-12.79,45.27,75.2,94,0,0.6,YT,2020-10-22 22:20:57
444,Te Anau,-45.42,167.72,55.26,59,99,5.95,NZ,2020-10-22 22:20:58
445,Kropotkin,45.44,40.58,54.0,54,63,4.16,RU,2020-10-22 22:20:58
446,Bytow,54.17,17.49,55.4,87,0,6.93,PL,2020-10-22 22:20:59
447,Balingasay,16.36,119.86,80.33,86,97,13.6,PH,2020-10-22 22:20:59
448,Lithakia,37.72,20.83,57.2,87,0,2.24,GR,2020-10-22 22:20:59
449,Guatire,10.48,-66.54,77.81,83,87,2.48,VE,2020-10-22 22:20:20
450,Menomonie,44.88,-91.92,34.0,97,90,11.41,US,2020-10-22 22:21:00
451,Sur,22.57,59.53,72.91,57,0,5.79,OM,2020-10-22 22:20:43
452,Calvinia,-31.47,19.78,74.46,19,100,3.94,ZA,2020-10-22 22:21:00
453,Vila Franca Do Campo,37.72,-25.43,62.6,63,40,5.82,PT,2020-10-22 22:21:01
454,Williston,48.15,-103.62,27.0,75,99,5.01,US,2020-10-22 22:21:01
455,Chachapoyas,-6.23,-77.87,60.19,75,93,3.15,PE,2020-10-22 22:16:16
456,Bastia,42.67,9.33,64.99,87,90,4.7,FR,2020-10-22 22:21:01
457,Lazarev,52.23,141.51,44.37,71,64,0.25,RU,2020-10-22 22:21:02
458,Mokolo,10.74,13.8,76.78,34,15,3.51,CM,2020-10-22 22:21:02
459,General Pico,-35.66,-63.76,62.42,85,99,10.02,AR,2020-10-22 22:21:02
460,De-Kastri,51.47,140.78,41.83,84,95,3.51,RU,2020-10-22 22:21:04
461,Quelimane,-17.88,36.89,77.0,73,20,3.36,MZ,2020-10-22 22:21:04
462,Puerto Leguizamo,-0.19,-74.78,77.7,95,87,0.96,CO,2020-10-22 22:21:04
463,Santa Cruz Do Capibaribe,-7.96,-36.2,74.37,78,57,9.44,BR,2020-10-22 22:20:32
464,Takaka,-40.85,172.8,61.0,71,48,7.0,NZ,2020-10-22 22:21:05
465,Alofi,-19.06,-169.92,80.6,78,75,13.87,NU,2020-10-22 22:21:05
466,Bambanglipuro,-7.95,110.28,76.39,87,3,3.83,ID,2020-10-22 22:21:05
467,Volchikha,52.03,80.38,39.97,70,100,11.48,RU,2020-10-22 22:21:06
468,Broken Hill,-31.95,141.43,68.0,60,98,6.93,AU,2020-10-22 22:19:35
469,Banda Aceh,5.56,95.32,81.72,70,100,8.61,ID,2020-10-22 22:21:06
470,Manta,-0.95,-80.73,78.8,69,40,12.75,EC,2020-10-22 22:16:22
471,Palana,59.12,159.97,36.36,83,0,4.34,RU,2020-10-22 22:21:07
472,Anamur,36.08,32.84,60.8,87,0,4.7,TR,2020-10-22 22:21:07
473,Westport,41.14,-73.36,66.99,89,18,3.13,US,2020-10-22 22:19:21
474,Mbengwi,6.02,10.0,64.09,87,90,1.32,CM,2020-10-22 22:21:07
475,Saquena,-4.67,-73.52,71.98,98,100,3.22,PE,2020-10-22 22:21:07
476,Harlingen,26.19,-97.7,88.0,62,40,16.11,US,2020-10-22 22:20:09
477,Astoria,46.19,-123.83,55.99,54,1,4.7,US,2020-10-22 22:21:08
478,Valls,41.29,1.25,63.0,88,20,3.36,ES,2020-10-22 22:21:08
479,Foz Do Iguacu,-25.55,-54.59,93.2,33,0,9.17,BR,2020-10-22 22:21:08
480,Kendallville,41.44,-85.27,73.99,78,43,6.93,US,2020-10-22 22:21:08
481,Innisfail,-17.53,146.03,77.86,69,41,2.01,AU,2020-10-22 22:21:09
482,Puro,12.48,123.38,81.41,83,100,11.05,PH,2020-10-22 22:21:09
483,Erdenet,49.03,104.08,29.57,88,6,3.44,MN,2020-10-22 22:21:09
484,Dubai,25.26,55.3,82.4,61,0,3.36,AE,2020-10-22 22:19:59
485,Broome,42.25,-75.83,66.2,82,1,5.82,US,2020-10-22 22:21:10
486,Redmond,47.67,-122.12,54.0,73,42,2.44,US,2020-10-22 22:20:31
487,Burnie,-41.07,145.92,52.61,87,100,4.54,AU,2020-10-22 22:21:10
488,Iracoubo,5.48,-53.2,82.24,78,74,11.92,GF,2020-10-22 22:21:10
489,Pundaguitan,6.37,126.17,83.46,75,100,7.67,PH,2020-10-22 22:21:11
490,Mercedes,-34.65,-59.43,62.01,95,100,3.0,AR,2020-10-22 22:18:45
491,Labuhan,-6.88,112.21,79.92,80,55,4.09,ID,2020-10-22 22:21:11
492,Stromness,58.97,-3.3,35.6,67,84,5.82,GB,2020-10-22 22:21:12
493,Andenes,69.31,16.12,32.0,90,75,8.05,NO,2020-10-22 22:21:12
494,La Romana,18.43,-68.97,82.4,88,75,7.76,DO,2020-10-22 22:21:12
495,Novokizhinginsk,51.61,109.59,26.6,93,0,2.37,RU,2020-10-22 22:21:12
496,Upata,8.01,-62.4,81.0,80,50,1.99,VE,2020-10-22 22:21:13
497,Solnechnyy,50.72,136.63,32.25,96,27,2.24,RU,2020-10-22 22:21:13
498,Port Hedland,-20.32,118.57,69.8,94,96,6.93,AU,2020-10-22 22:20:53
499,Mounana,-1.41,13.16,71.17,96,100,1.54,GA,2020-10-22 22:21:13
500,Bilma,18.69,12.92,81.9,15,0,15.48,NE,2020-10-22 22:21:14
501,Kargil,34.57,76.1,33.17,82,0,5.48,IN,2020-10-22 22:21:14
502,Dickinson,29.46,-95.05,82.4,69,75,11.41,US,2020-10-22 22:21:14
503,Horta,38.53,-28.63,64.83,69,27,9.1,PT,2020-10-22 22:21:14
504,Talakan,50.32,130.37,28.4,93,61,3.11,RU,2020-10-22 22:21:15
505,Serro,-18.6,-43.38,67.03,91,59,5.08,BR,2020-10-22 22:21:15
506,Santiago De Cuba,20.02,-75.82,77.0,88,75,14.99,CU,2020-10-22 22:21:15
507,Svetlyy,54.67,20.13,57.2,82,20,8.95,RU,2020-10-22 22:21:16
508,Shanting,35.08,117.46,46.02,52,0,2.28,CN,2020-10-22 22:21:16
509,Zhigansk,66.77,123.37,19.8,95,100,21.52,RU,2020-10-22 22:21:16
510,Chishtian Mandi,29.8,72.87,68.56,24,0,3.27,PK,2020-10-22 22:21:16
511,San Cristobal,7.77,-72.22,95.0,34,20,18.34,VE,2020-10-22 22:17:51
512,Coolum Beach,-26.53,153.1,73.99,81,4,1.01,AU,2020-10-22 22:21:17
513,Makarov,48.63,142.8,50.81,92,100,1.5,RU,2020-10-22 22:21:17
514,Waw,7.7,28.0,74.43,89,91,3.06,SS,2020-10-22 22:21:18
515,San Patricio,28.02,-97.52,84.99,70,20,16.11,US,2020-10-22 22:21:18
516,Margate,51.38,1.39,52.0,90,1,1.99,GB,2020-10-22 22:20:10
517,Brokopondo,4.75,-55.17,87.28,55,71,7.36,SR,2020-10-22 22:21:18
518,Husavik,66.04,-17.34,41.0,60,90,4.7,IS,2020-10-22 22:21:19
519,Kholtoson,50.3,103.31,28.08,91,8,2.91,RU,2020-10-22 22:21:19
520,Ozernovskiy,51.5,156.52,44.69,60,100,6.35,RU,2020-10-22 22:21:19
521,Boca Del Monte,19.15,-96.82,87.01,70,40,9.17,MX,2020-10-22 22:21:20
522,Acapulco,16.86,-99.89,87.8,79,40,3.36,MX,2020-10-22 22:16:33
523,Nongstoin,25.52,91.27,62.02,99,100,0.96,IN,2020-10-22 22:21:21
524,Roma,43.21,-75.46,60.8,72,90,3.53,US,2020-10-22 22:19:20
525,La Primavera,5.49,-70.41,82.58,79,88,2.68,CO,2020-10-22 22:21:22
526,Luau,-10.71,22.22,68.52,80,89,1.21,AO,2020-10-22 22:21:22
527,Kishtwar,33.32,75.77,47.71,52,0,3.38,IN,2020-10-22 22:21:22
528,Sibu,2.3,111.82,75.2,94,20,4.7,MY,2020-10-22 22:21:22
529,Abu Dhabi,24.47,54.37,82.4,69,0,2.24,AE,2020-10-22 22:21:23
530,Trelew,-43.25,-65.31,73.85,33,0,22.12,AR,2020-10-22 22:20:26
531,Ust-Ilimsk,58.0,102.66,37.78,79,100,9.35,RU,2020-10-22 22:21:23
532,Prachuap Khiri Khan,12.22,99.75,70.99,92,100,2.57,TH,2020-10-22 22:21:23
533,Kokopo,-4.35,152.26,82.17,74,41,4.92,PG,2020-10-22 22:21:24
534,Pangody,65.85,74.49,15.57,97,99,7.47,RU,2020-10-22 22:21:24
535,Mutis,6.23,-77.4,80.15,80,87,6.15,CO,2020-10-22 22:21:24
536,Nabire,-3.37,135.48,77.07,76,92,1.83,ID,2020-10-22 22:21:24
537,Brigantine,39.41,-74.36,69.8,77,1,5.82,US,2020-10-22 22:21:24
538,Okhotsk,59.38,143.3,38.8,93,100,35.23,RU,2020-10-22 22:20:33
539,Touba,8.28,-7.68,73.87,75,5,1.03,CI,2020-10-22 22:21:25
540,Katobu,-4.94,122.53,76.46,86,36,1.81,ID,2020-10-22 22:21:25
541,Turayf,31.67,38.66,64.4,23,0,6.93,SA,2020-10-22 22:21:25
542,Pingliang,35.54,106.69,41.76,63,0,4.7,CN,2020-10-22 22:21:26
543,Topolobampo,25.6,-109.05,96.01,51,0,5.99,MX,2020-10-22 22:21:26
544,Grand-Lahou,5.14,-5.02,77.99,88,26,8.72,CI,2020-10-22 22:21:26
545,Kysyl-Syr,63.9,122.76,14.18,95,25,8.61,RU,2020-10-22 22:21:27
546,Kandi,11.13,2.94,79.61,27,0,1.63,BJ,2020-10-22 22:21:27
547,Bandarbeyla,9.49,50.81,79.52,67,67,4.36,SO,2020-10-22 22:20:59
548,Richards Bay,-28.78,32.04,69.21,86,86,9.62,ZA,2020-10-22 22:21:27
549,North Myrtle Beach,33.82,-78.68,78.01,78,1,9.17,US,2020-10-22 22:17:59
550,Viedma,-40.81,-63.0,66.22,58,13,17.07,AR,2020-10-22 22:20:25
551,Halifax,44.65,-63.57,60.01,67,75,6.93,CA,2020-10-22 22:20:09
552,Kuloy,61.03,42.49,30.22,95,100,10.92,RU,2020-10-22 22:21:28
553,Choctaw,35.5,-97.27,82.99,51,1,18.34,US,2020-10-22 22:21:28
554,Mrakovo,52.72,56.62,28.98,94,94,8.59,RU,2020-10-22 22:21:29
555,Chifeng,42.27,118.96,31.19,79,0,7.45,CN,2020-10-22 22:21:29
556,Namibe,-15.2,12.15,70.59,82,72,3.22,AO,2020-10-22 22:21:29
557,Pacific Grove,36.62,-121.92,66.2,68,1,10.16,US,2020-10-22 22:21:29
558,Avera,33.19,-82.53,78.8,69,1,5.82,US,2020-10-22 22:21:30
559,Buraydah,26.33,43.98,71.6,28,0,10.29,SA,2020-10-22 22:21:30
560,Los Algarrobos,8.5,-82.43,84.2,74,40,8.05,PA,2020-10-22 22:21:30
561,Kedrovyy,56.17,91.82,41.0,65,40,15.66,RU,2020-10-22 22:21:30
562,Nome,64.5,-165.41,42.01,64,1,12.75,US,2020-10-22 22:21:30
563,Komsomolskiy,40.43,71.72,51.8,66,87,2.84,UZ,2020-10-22 22:21:31
564,Bac Lieu,9.29,105.72,77.05,87,99,4.12,VN,2020-10-22 22:21:31
565,Newala,-10.94,39.28,67.91,91,62,8.66,TZ,2020-10-22 22:21:31
